{
   "describedBy": "https://raw.githubusercontent.com/AllenNeuralDynamics/aind-data-schema/main/src/aind_data_schema/core/procedures.py",
   "schema_version": "0.13.3",
   "subject_id": "675388",
   "subject_procedures": [
      {
         "procedure_type": "Surgery",
         "start_date": "2023-04-28",
         "experimenter_full_name": "30509",
         "iacuc_protocol": "2109",
         "animal_weight_prior": null,
         "animal_weight_post": null,
         "weight_unit": "gram",
         "anaesthesia": null,
         "workstation_id": null,
         "procedures": [
            {
               "procedure_type": "Perfusion",
               "output_specimen_ids": [
                  "675388"
               ],
               "protocol_id": "dx.doi.org/10.17504/protocols.io.bg5vjy66"
            }
         ],
         "notes": null,
         "protocol_id": "dx.doi.org/10.17504/protocols.io.kqdg392o7g25/v2"
      },
      {
         "procedure_type": "Surgery",
         "start_date": "2023-03-29",
         "experimenter_full_name": "NSB-5756",
         "iacuc_protocol": "2109",
         "animal_weight_prior": "20.1",
         "animal_weight_post": "20.0",
         "weight_unit": "gram",
         "anaesthesia": {
            "type": "isoflurane",
            "duration": "84.0",
            "duration_unit": "minute",
            "level": "1.5"
         },
         "workstation_id": "SWS 1",
         "procedures": [
            {
               "injection_materials": [],
               "recovery_time": "15.0",
               "recovery_time_unit": "minute",
               "injection_duration": null,
               "injection_duration_unit": "minute",
               "instrument_id": "NJ#1",
               "injection_coordinate_ml": "0.2",
               "injection_coordinate_ap": "1.2",
               "injection_coordinate_depth": [
                  "1.0"
               ],
               "injection_coordinate_unit": "millimeter",
               "injection_coordinate_reference": "Bregma",
               "bregma_to_lambda_distance": null,
               "bregma_to_lambda_unit": "millimeter",
               "injection_angle": "0.0",
               "injection_angle_unit": "degrees",
               "targeted_structure": null,
               "injection_hemisphere": "Right",
               "procedure_type": "Nanoject injection",
               "injection_volume": [
                  "50.0"
               ],
               "injection_volume_unit": "nanoliter",
               "protocol_id": "dx.doi.org/10.17504/protocols.io.bp2l6nr7kgqe/v4"
            },
            {
               "injection_materials": [],
               "recovery_time": "15.0",
               "recovery_time_unit": "minute",
               "injection_duration": null,
               "injection_duration_unit": "minute",
               "instrument_id": "NJ#1",
               "injection_coordinate_ml": "0.6",
               "injection_coordinate_ap": "1.2",
               "injection_coordinate_depth": [
                  "0.8"
               ],
               "injection_coordinate_unit": "millimeter",
               "injection_coordinate_reference": "Bregma",
               "bregma_to_lambda_distance": null,
               "bregma_to_lambda_unit": "millimeter",
               "injection_angle": "0.0",
               "injection_angle_unit": "degrees",
               "targeted_structure": null,
               "injection_hemisphere": "Right",
               "procedure_type": "Nanoject injection",
               "injection_volume": [
                  "50.0"
               ],
               "injection_volume_unit": "nanoliter",
               "protocol_id": "dx.doi.org/10.17504/protocols.io.bp2l6nr7kgqe/v4"
            }
         ],
         "notes": null,
         "protocol_id": "dx.doi.org/10.17504/protocols.io.kqdg392o7g25/v2"
      }
   ],
   "specimen_procedures": [
      {
         "procedure_type": "Fixation",
         "procedure_name": "SHIELD OFF",
         "specimen_id": "15    675388\nname: mouse id, dtype: object",
         "start_date": "2023-04-21",
         "end_date": "2023-04-24",
         "experimenter_full_name": "DT",
         "protocol_id": [
            "none"
         ],
         "reagents": [
            {
               "name": "SHIELD Epoxy",
               "source": {
                  "name": "LifeCanvas",
                  "abbreviation": null,
                  "registry": null,
                  "registry_identifier": null
               },
               "rrid": null,
               "lot_number": "unknown",
               "expiration_date": null
            },
            {
               "name": "SHIELD Buffer",
               "source": {
                  "name": "LifeCanvas",
                  "abbreviation": null,
                  "registry": null,
                  "registry_identifier": null
               },
               "rrid": null,
               "lot_number": "unknown",
               "expiration_date": null
            }
         ],
         "hcr_series": null,
         "antibodies": null,
         "sectioning": null,
         "notes": "Shield off repeated 5/8/23 - 5/10/23. Shield on repeated 5/10/23 - 5/11/23. "
      },
      {
         "procedure_type": "Fixation",
         "procedure_name": "SHIELD ON",
         "specimen_id": "15    675388\nname: mouse id, dtype: object",
         "start_date": "2023-04-24",
         "end_date": "2023-04-25",
         "experimenter_full_name": "DT",
         "protocol_id": [
            "none"
         ],
         "reagents": [
            {
               "name": "SHIELD ON",
               "source": {
                  "name": "LifeCanvas",
                  "abbreviation": null,
                  "registry": null,
                  "registry_identifier": null
               },
               "rrid": null,
               "lot_number": "unknown",
               "expiration_date": null
            }
         ],
         "hcr_series": null,
         "antibodies": null,
         "sectioning": null,
         "notes": "Shield off repeated 5/8/23 - 5/10/23. Shield on repeated 5/10/23 - 5/11/23. "
      },
      {
         "procedure_type": "Delipidation",
         "procedure_name": "24h Delipidation",
         "specimen_id": "15    675388\nname: mouse id, dtype: object",
         "start_date": "2023-04-30",
         "end_date": "2023-05-01",
         "experimenter_full_name": "DT",
         "protocol_id": [
            "none"
         ],
         "reagents": [
            {
               "name": "Delipidation Buffer",
               "source": {
                  "name": "LifeCanvas",
                  "abbreviation": null,
                  "registry": null,
                  "registry_identifier": null
               },
               "rrid": null,
               "lot_number": "unknown",
               "expiration_date": null
            }
         ],
         "hcr_series": null,
         "antibodies": null,
         "sectioning": null,
         "notes": "Passive delipidation repeated 5/15/23 - 5/16/23."
      },
      {
         "procedure_type": "Delipidation",
         "procedure_name": "Active Delipidation",
         "specimen_id": "15    675388\nname: mouse id, dtype: object",
         "start_date": "2023-05-01",
         "end_date": "2023-05-03",
         "experimenter_full_name": "DT",
         "protocol_id": [
            "none"
         ],
         "reagents": [
            {
               "name": "Conduction Buffer",
               "source": {
                  "name": "LifeCanvas",
                  "abbreviation": null,
                  "registry": null,
                  "registry_identifier": null
               },
               "rrid": null,
               "lot_number": "unknown",
               "expiration_date": null
            }
         ],
         "hcr_series": null,
         "antibodies": null,
         "sectioning": null,
         "notes": "Active delipidation repeated on same settings 5/16/23 - 5/18/23."
      },
      {
         "procedure_type": "Refractive index matching",
         "procedure_name": "50% EasyIndex",
         "specimen_id": "15    675388\nname: mouse id, dtype: object",
         "start_date": "2023-05-03",
         "end_date": "2023-05-04",
         "experimenter_full_name": "DT",
         "protocol_id": [
            "none"
         ],
         "reagents": [
            {
               "name": "EasyIndex",
               "source": {
                  "name": "LifeCanvas",
                  "abbreviation": null,
                  "registry": null,
                  "registry_identifier": null
               },
               "rrid": null,
               "lot_number": "unknown",
               "expiration_date": null
            }
         ],
         "hcr_series": null,
         "antibodies": null,
         "sectioning": null,
         "notes": "Easy index 50% repeated 5/18/23 - 5/19/23. Easy index 100% repeated 5/19/23 - 5/20/23."
      },
      {
         "procedure_type": "Refractive index matching",
         "procedure_name": "100% EasyIndex",
         "specimen_id": "15    675388\nname: mouse id, dtype: object",
         "start_date": "2023-05-04",
         "end_date": "2023-05-05",
         "experimenter_full_name": "DT",
         "protocol_id": [
            "none"
         ],
         "reagents": [
            {
               "name": "EasyIndex",
               "source": {
                  "name": "LifeCanvas",
                  "abbreviation": null,
                  "registry": null,
                  "registry_identifier": null
               },
               "rrid": null,
               "lot_number": "unknown",
               "expiration_date": null
            }
         ],
         "hcr_series": null,
         "antibodies": null,
         "sectioning": null,
         "notes": "Easy index 50% repeated 5/18/23 - 5/19/23. Easy index 100% repeated 5/19/23 - 5/20/23."
      }
   ],
   "notes": null
}